{"count":1,"self":5155.0994432,"total":17577.8149042,"children":{"InitializeActuators":{"count":10,"self":0.0009968,"total":0.0009968,"children":null},"InitializeSensors":{"count":10,"self":0.00099969999999999985,"total":0.00099969999999999985,"children":null},"AgentSendState":{"count":8871293,"self":34.9198144,"total":581.661353,"children":{"CollectObservations":{"count":17742590,"self":279.4015488,"total":279.4015533,"children":null},"WriteActionMask":{"count":17742590,"self":4.0327692,"total":4.0327692,"children":null},"RequestDecision":{"count":17742590,"self":19.135918399999998,"total":263.3072168,"children":{"AgentInfo.ToProto":{"count":17742590,"self":18.7911264,"total":244.1712981,"children":{"GenerateSensorData":{"count":17742590,"self":225.3801728,"total":225.38017159999998,"children":null}}}}}}},"DecideAction":{"count":8871293,"self":11527.1688192,"total":11527.1687227,"children":null},"AgentAct":{"count":8871293,"self":311.43098879999997,"total":311.6417735,"children":{"AgentInfo.ToProto":{"count":8826,"self":0.0209827,"total":0.210773,"children":{"GenerateSensorData":{"count":8826,"self":0.1897903,"total":0.1897903,"children":null}}}}},"AgentInfo.ToProto":{"count":88859,"self":0.33466049999999997,"total":2.2375871,"children":{"GenerateSensorData":{"count":88859,"self":1.9029266,"total":1.9029266,"children":null}}}},"gauges":{"Walker.CumulativeReward":{"count":97685,"max":4110.968,"min":-2,"runningAverage":452.931152,"value":567.4155,"weightedAverage":1684.35413}},"metadata":{"timer_format_version":"0.1.0","start_time_seconds":"1766113641","unity_version":"2020.3.25f1c1","command_line_arguments":"F:\/Unity\/Unity 2020.3.25f1c1\/Editor\/Unity.exe -projectpath F:\\Unity\\ml-agents-release_19\\Project -useHub -hubIPC -cloudEnvironment production -licensingIpc LicenseClient-lenovo -hubSessionId 67b5b8d0-dc12-11f0-8f41-09e96c2dc540 -accessToken OtDfas_9nBPHIUSMcpX0RQSzMapSEtWbXW8sVB1S9Bs01ef","communication_protocol_version":"1.5.0","com.unity.ml-agents_version":"2.2.1-exp.1","scene_name":"Walker","end_time_seconds":"1766131219"}}